record_id,true_label,predicted_label,class_1_probability
50,0,0,0.07667241
231,0,0,0.07470116
297,0,0,0.015146889
97,0,0,0.20054525
285,0,0,0.102046795
116,0,1,0.8501017
38,1,1,0.9835692
76,0,0,0.012285454
51,1,1,0.97798365
100,0,0,0.093374334
44,1,1,0.76433355
193,0,0,0.04449085
137,0,0,0.20245586
84,1,0,0.29243913
46,1,1,0.9972622
270,1,1,0.9578606
71,1,1,0.7874219
177,0,0,0.47452822
149,1,0,0.14212213
296,1,1,0.66064095
200,0,0,0.0848933
194,0,0,0.14701362
290,1,1,0.72756755
168,0,0,0.2674355
153,1,0,0.13627456
8,0,0,0.30407655
189,0,0,0.2050016
219,1,1,0.82450616
103,0,0,0.075901374
235,1,1,0.6494932
105,0,0,0.044578515
196,1,1,0.8700883
300,1,1,0.8004233
252,0,1,0.535551
291,0,0,0.054466758
14,1,1,0.56349206
140,0,0,0.40476218
174,1,1,0.7875453
165,1,1,0.85679555
131,1,0,0.1722423
253,0,1,0.65330714
248,1,0,0.19069622
212,1,1,0.9423207
217,1,1,0.9977439
240,0,0,0.18661465
169,0,0,0.04205333
204,1,1,0.96291417
53,0,0,0.49580768
261,1,1,0.9994595
232,0,0,0.14799204
299,0,0,0.23460442
108,1,1,0.88038075
39,0,0,0.018142816
109,0,1,0.55370617
4,1,0,0.14581004
262,1,1,0.9777471
158,1,1,0.9968137
207,0,0,0.0077672955
110,0,0,0.25219938
269,1,1,0.6293026
