record_id,cluster
289,0
74,1
260,0
281,0
244,0
173,1
18,0
239,0
25,1
271,1
164,0
114,1
64,0
41,0
111,0
1,0
83,1
139,0
178,0
11,0
179,0
133,1
122,1
35,0
221,0
274,0
224,0
26,0
61,0
7,1
172,1
86,0
233,0
12,0
56,0
267,0
208,1
31,1
216,0
284,1
201,1
163,1
101,0
3,0
186,0
218,0
72,0
148,0
112,0
230,0
121,0
27,1
156,0
197,0
181,0
92,0
65,0
91,1
118,1
154,0
264,0
155,0
49,0
298,0
132,0
95,0
167,1
19,0
220,0
107,0
190,0
57,0
36,1
90,1
102,1
24,0
292,0
33,0
214,1
63,0
192,0
23,0
159,0
126,0
228,0
146,1
67,1
195,0
42,1
152,0
119,1
115,0
203,0
183,0
206,0
87,0
247,0
222,0
88,0
127,0
10,1
294,1
134,0
295,0
96,0
283,0
77,1
73,0
275,0
191,0
157,1
141,1
68,0
37,0
45,0
205,1
59,0
278,0
66,0
259,1
250,0
249,0
82,0
279,0
52,1
138,0
15,1
2,0
237,0
266,0
129,1
225,0
265,1
184,1
209,0
20,0
276,0
251,0
176,1
223,0
256,0
142,1
293,0
124,0
117,1
89,1
243,0
210,1
161,0
16,0
17,0
40,1
6,1
211,0
29,0
185,1
113,0
187,0
145,1
170,1
241,0
213,1
93,1
136,0
245,0
34,0
286,0
273,0
287,0
79,1
98,0
32,0
143,1
234,0
151,0
80,0
282,1
268,1
21,0
120,0
272,0
263,0
70,0
85,0
125,1
227,1
277,0
288,0
48,0
58,1
30,0
43,0
